<?xml version="1.0"?>
<doc>
    <assembly>
        <name>Microsoft.ApplicationInsights.Web.TelemetryChannel</name>
    </assembly>
    <members>
        <member name="T:Microsoft.ApplicationInsights.Extensibility.Web.Implementation.TelemetryBuffer">
            <summary>
            Accumulates <see cref="T:Microsoft.ApplicationInsights.Channel.ITelemetry"/> items for efficient transmission.
            </summary>
        </member>
        <member name="M:Microsoft.ApplicationInsights.Extensibility.Web.Implementation.TelemetryBuffer.Dispose">
            <summary>
            Releases resources used by this <see cref="T:Microsoft.ApplicationInsights.Extensibility.Web.Implementation.TelemetryBuffer"/> instance.
            </summary>
        </member>
        <member name="M:Microsoft.ApplicationInsights.Extensibility.Web.Implementation.TelemetryBuffer.Send(Microsoft.ApplicationInsights.Channel.ITelemetry)">
            <summary>
            Sends the specified <paramref name="item"/> item.
            </summary>
            <exception cref="T:System.ArgumentNullException">The <paramref name="item"/> is null.</exception>
        </member>
        <member name="M:Microsoft.ApplicationInsights.Extensibility.Web.Implementation.TelemetryBuffer.FlushAsync">
            <summary>
            Passes all <see cref="T:Microsoft.ApplicationInsights.Channel.ITelemetry"/> items to the <see cref="T:Microsoft.ApplicationInsights.Extensibility.Web.Implementation.TelemetrySerializer"/> and empties the queue.
            </summary>
        </member>
        <member name="P:Microsoft.ApplicationInsights.Extensibility.Web.Implementation.TelemetryBuffer.Capacity">
            <summary>
            Gets or sets the maximum number of telemetry items that can be buffered before transmission.
            </summary>
            <exception cref="T:System.ArgumentOutOfRangeException">The value is zero or less.</exception>
        </member>
        <member name="P:Microsoft.ApplicationInsights.Extensibility.Web.Implementation.ThrottlingTransmissionPolicy.PauseDuration">
            <summary>
            Gets a value that determines amount of time transmission sending will
            be paused before attempting to resume transmission after a network error is detected.
            </summary>
        </member>
        <member name="M:Microsoft.ApplicationInsights.Channel.TransmissionExtensions.LoadAsync(System.IO.Stream)">
            <summary>
            Loads a new transmission from the specified <paramref name="stream"/>.
            </summary>
            <returns>Return transmission loaded from file; return null if the file is corrupted.</returns>
        </member>
        <member name="M:Microsoft.ApplicationInsights.Channel.TransmissionExtensions.SaveAsync(Microsoft.ApplicationInsights.Channel.Transmission,System.IO.Stream)">
            <summary>
            Saves the transmission to the specified <paramref name="stream"/>.
            </summary>
        </member>
        <member name="T:Microsoft.ApplicationInsights.Extensibility.Web.TelemetryChannel">
            <summary>
            Represents a communication channel for sending telemetry to Application Insights via HTTP/S.
            </summary>
        </member>
        <member name="M:Microsoft.ApplicationInsights.Extensibility.Web.TelemetryChannel.#ctor">
            <summary>
            Initializes a new instance of the <see cref="T:Microsoft.ApplicationInsights.Extensibility.Web.TelemetryChannel"/> class.
            </summary>
        </member>
        <member name="M:Microsoft.ApplicationInsights.Extensibility.Web.TelemetryChannel.Dispose">
            <summary>
            Releases unmanaged and - optionally - managed resources.
            </summary>
        </member>
        <member name="M:Microsoft.ApplicationInsights.Extensibility.Web.TelemetryChannel.Send(Microsoft.ApplicationInsights.Channel.ITelemetry)">
            <summary>
            Sends an instance of ITelemetry through the channel.
            </summary>
        </member>
        <member name="M:Microsoft.ApplicationInsights.Extensibility.Web.TelemetryChannel.Flush">
            <summary>
            Synchronously flushes the telemetry buffer. 
            </summary>
        </member>
        <member name="M:Microsoft.ApplicationInsights.Extensibility.Web.TelemetryChannel.Initialize(Microsoft.ApplicationInsights.Extensibility.TelemetryConfiguration)">
            <summary>
            Initialize method is called after all configuration properties have been loaded from the configuration.
            </summary>
        </member>
        <member name="P:Microsoft.ApplicationInsights.Extensibility.Web.TelemetryChannel.DeveloperMode">
            <summary>
            Gets or sets a value indicating whether developer mode of telemetry transmission is enabled.
            When developer mode is True, <see cref="T:Microsoft.ApplicationInsights.Extensibility.Web.TelemetryChannel"/> sends telemetry to Application Insights immediately 
            during the entire lifetime of the application. When developer mode is False, <see cref="T:Microsoft.ApplicationInsights.Extensibility.Web.TelemetryChannel"/>
            respects production sending policies defined by other properties.
            </summary>
        </member>
        <member name="P:Microsoft.ApplicationInsights.Extensibility.Web.TelemetryChannel.EndpointAddress">
            <summary>
            Gets or sets the HTTP address where the telemetry is sent.
            </summary>
        </member>
        <member name="P:Microsoft.ApplicationInsights.Extensibility.Web.TelemetryChannel.MaxTelemetryBufferDelay">
            <summary>
            Gets or sets the maximum telemetry batching interval. Once the interval expires, <see cref="T:Microsoft.ApplicationInsights.Extensibility.Web.TelemetryChannel"/> 
            serializes the accumulated telemetry items for transmission.
            </summary>
        </member>
        <member name="P:Microsoft.ApplicationInsights.Extensibility.Web.TelemetryChannel.MaxTelemetryBufferCapacity">
            <summary>
            Gets or sets the maximum number of telemetry items will accumulate in a memory before 
            the <see cref="T:Microsoft.ApplicationInsights.Extensibility.Web.TelemetryChannel"/> serializing them for transmission to Application Insights.
            </summary>
        </member>
        <member name="P:Microsoft.ApplicationInsights.Extensibility.Web.TelemetryChannel.MaxTransmissionBufferCapacity">
            <summary>
            Gets or sets the maximum amount of memory, in bytes, that <see cref="T:Microsoft.ApplicationInsights.Extensibility.Web.TelemetryChannel"/> will use 
            to buffer transmissions before sending them to Application Insights.
            </summary>
        </member>
        <member name="P:Microsoft.ApplicationInsights.Extensibility.Web.TelemetryChannel.MaxTransmissionSenderCapacity">
            <summary>
            Gets or sets the maximum number of telemetry transmissions that <see cref="T:Microsoft.ApplicationInsights.Extensibility.Web.TelemetryChannel"/> will 
            send to Application Insights at the same time.
            </summary>
        </member>
        <member name="P:Microsoft.ApplicationInsights.Extensibility.Web.TelemetryChannel.MaxTransmissionStorageCapacity">
            <summary>
            Gets or sets the maximum amount of disk space, in bytes, that <see cref="T:Microsoft.ApplicationInsights.Extensibility.Web.TelemetryChannel"/> will 
            use to store unsent telemetry transmissions.
            </summary>
        </member>
        <member name="P:Microsoft.ApplicationInsights.Extensibility.Web.Implementation.TransmissionBuffer.Capacity">
            <summary>
            Gets or sets the maximum amount of memory in bytes for buffering <see cref="T:Microsoft.ApplicationInsights.Channel.Transmission"/> objects.
            </summary>
            <remarks>
            Use this property to limit the amount of memory used to store telemetry in memory of the 
            application before transmission. Once the maximum amount of memory is
            reached, <see cref="M:Microsoft.ApplicationInsights.Extensibility.Web.Implementation.TransmissionBuffer.EnqueueAsync(System.Func{System.Threading.Tasks.Task{Microsoft.ApplicationInsights.Channel.Transmission}})"/> will reject new transmissions.
            </remarks>
        </member>
        <member name="P:Microsoft.ApplicationInsights.Extensibility.Web.Implementation.TransmissionBuffer.Size">
            <summary>
            Gets the combined length of <see cref="P:Microsoft.ApplicationInsights.Channel.Transmission.Content"/> stored in the buffer.
            </summary>
        </member>
        <member name="P:Microsoft.ApplicationInsights.Extensibility.Web.Implementation.TransmissionSender.Capacity">
            <summary>
            Gets or sets the the maximum number of <see cref="T:Microsoft.ApplicationInsights.Channel.Transmission"/> objects that can be sent simultaneously.
            </summary>
            <remarks>
            Use this property to limit the number of concurrent HTTP connections. Once the maximum number of 
            transmissions in progress is reached, <see cref="M:Microsoft.ApplicationInsights.Extensibility.Web.Implementation.TransmissionSender.EnqueueAsync(System.Func{System.Threading.Tasks.Task{Microsoft.ApplicationInsights.Channel.Transmission}})"/> will stop accepting new transmissions
            until previous transmissions are sent.
            </remarks>
        </member>
        <member name="P:Microsoft.ApplicationInsights.Extensibility.Web.Implementation.TransmissionStorage.Capacity">
            <summary>
            Gets or sets the total amount of disk space, in bytes, allowed for storing transmission files.
            </summary>
        </member>
        <member name="T:Microsoft.ApplicationInsights.Extensibility.Web.Implementation.Transmitter">
            <summary>
            Implements throttled and persisted transmission of telemetry to Application Insights. 
            </summary>
        </member>
        <member name="M:Microsoft.ApplicationInsights.Extensibility.Web.Implementation.Transmitter.#ctor(Microsoft.ApplicationInsights.Extensibility.Web.Implementation.TransmissionSender,Microsoft.ApplicationInsights.Extensibility.Web.Implementation.TransmissionBuffer,Microsoft.ApplicationInsights.Extensibility.Web.Implementation.TransmissionStorage,System.Collections.Generic.IEnumerable{Microsoft.ApplicationInsights.Extensibility.Web.Implementation.TransmissionPolicy})">
            <summary>
            Initializes a new instance of the <see cref="T:Microsoft.ApplicationInsights.Extensibility.Web.Implementation.Transmitter"/> class. Used only for UTs.
            </summary>
        </member>
        <member name="T:Microsoft.ApplicationInsights.Extensibility.Implementation.ApplicationStoppingEventArgs">
            <summary>
            Encapsulates arguments of the <see cref="E:Microsoft.ApplicationInsights.Extensibility.Implementation.IApplicationLifecycle.Stopping"/> event.
            </summary>
        </member>
        <member name="M:Microsoft.ApplicationInsights.Extensibility.Implementation.ApplicationStoppingEventArgs.#ctor(System.Func{System.Func{System.Threading.Tasks.Task},System.Threading.Tasks.Task})">
            <summary>
            Initializes a new instance of the <see cref="T:Microsoft.ApplicationInsights.Extensibility.Implementation.ApplicationStoppingEventArgs"/> class with the specified runner of asynchronous methods.
            </summary>
        </member>
        <member name="M:Microsoft.ApplicationInsights.Extensibility.Implementation.ApplicationStoppingEventArgs.Run(System.Func{System.Threading.Tasks.Task})">
            <summary>
            Runs the specified asynchronous method while preventing the application from exiting.
            </summary>
        </member>
        <member name="T:Microsoft.ApplicationInsights.Extensibility.Implementation.CurrentThreadTaskScheduler">
            <summary>
            Runs tasks synchronously, on the current thread. 
            From <a href="http://code.msdn.microsoft.com/Samples-for-Parallel-b4b76364/view/SourceCode"/>.
            </summary>
        </member>
        <member name="M:Microsoft.ApplicationInsights.Extensibility.Implementation.ExceptionHandler.Start(System.Func{System.Threading.Tasks.Task})">
            <summary>
            Starts the <paramref name="asyncMethod"/>, catches and logs any exceptions it may throw.
            </summary>
        </member>
        <member name="M:Microsoft.ApplicationInsights.Extensibility.Implementation.IApplicationFolderProvider.GetApplicationFolder">
            <summary>
            Returns a per-user/per-application folder.
            </summary>
            <returns>
            An <see cref="T:Microsoft.ApplicationInsights.Extensibility.Implementation.IPlatformFolder"/> instance, or <c>null</c> if current application does not have access to file system.
            </returns>
        </member>
        <member name="T:Microsoft.ApplicationInsights.Extensibility.Implementation.IApplicationLifecycle">
            <summary>
            Encapsulates application lifecycle events.
            </summary>
        </member>
        <member name="E:Microsoft.ApplicationInsights.Extensibility.Implementation.IApplicationLifecycle.Started">
            <summary>
            Occurs when a new instance of the application is started or an existing instance is activated.
            </summary>
        </member>
        <member name="E:Microsoft.ApplicationInsights.Extensibility.Implementation.IApplicationLifecycle.Stopping">
            <summary>
            Occurs when the application is suspending or closing.
            </summary>
        </member>
        <member name="T:Microsoft.ApplicationInsights.Extensibility.Implementation.INetwork">
            <summary>
            Encapsulates platform-specific behavior of network information APIs.
            </summary>
        </member>
        <member name="M:Microsoft.ApplicationInsights.Extensibility.Implementation.INetwork.AddAddressChangedEventHandler(System.Net.NetworkInformation.NetworkAddressChangedEventHandler)">
            <summary>
            Adds <see cref="E:System.Net.NetworkInformation.NetworkChange.NetworkAddressChanged"/> event handler.
            </summary>
            <remarks>
            Defined as a method instead of an event in this interface because C# compiler 
            changes signature of event in a Windows Runtime component, making it very hard 
            to implement properly.
            </remarks>
        </member>
        <member name="M:Microsoft.ApplicationInsights.Extensibility.Implementation.Platform.ApplicationFolderProvider.CheckAccessPermissions(System.IO.DirectoryInfo)">
            <summary>
            Throws <see cref="T:System.UnauthorizedAccessException"/> if the process lacks the required permissions to access the <paramref name="telemetryDirectory"/>.
            </summary>
        </member>
        <member name="T:Microsoft.ApplicationInsights.Extensibility.Implementation.Platform.Network">
            <summary>
            Encapsulates platform-specific behavior of network information APIs.
            </summary>
        </member>
        <member name="T:Microsoft.ApplicationInsights.Extensibility.Web.WebApplicationLifecycle">
            <summary>
            Implements the <see cref="T:Microsoft.ApplicationInsights.Extensibility.Implementation.IApplicationLifecycle"/> events for web applications.
            </summary>
        </member>
        <member name="M:Microsoft.ApplicationInsights.Extensibility.Web.WebApplicationLifecycle.Dispose">
            <summary>
            Unregisters the <see cref="T:Microsoft.ApplicationInsights.Extensibility.Web.WebApplicationLifecycle"/> from <see cref="T:System.Web.Hosting.HostingEnvironment"/>.
            </summary>
        </member>
        <member name="M:Microsoft.ApplicationInsights.Extensibility.Web.WebApplicationLifecycle.Stop(System.Boolean)">
            <summary>
            Gets called by <see cref="T:System.Web.Hosting.HostingEnvironment"/> when the web application is stopping.
            </summary>
            <param name="immediate">
            False when the method is invoked first time, allowing async shutdown operations.
            True when the method is invoked second time, demanding to unregister immediately.
            </param>
        </member>
        <member name="E:Microsoft.ApplicationInsights.Extensibility.Web.WebApplicationLifecycle.Started">
            <summary>
            The <see cref="E:Microsoft.ApplicationInsights.Extensibility.Web.WebApplicationLifecycle.Started"/> event is raised when the <see cref="T:Microsoft.ApplicationInsights.Extensibility.Web.WebApplicationLifecycle"/> instance is first created.
            This event is not raised for web applications.
            </summary>
        </member>
        <member name="E:Microsoft.ApplicationInsights.Extensibility.Web.WebApplicationLifecycle.Stopping">
            <summary>
            The <see cref="E:Microsoft.ApplicationInsights.Extensibility.Web.WebApplicationLifecycle.Stopping"/> event is raised when <see cref="T:System.Web.Hosting.HostingEnvironment"/> calls the <see cref="M:Microsoft.ApplicationInsights.Extensibility.Web.WebApplicationLifecycle.Stop(System.Boolean)"/> method.
            </summary>
        </member>
    </members>
</doc>
