<?xml version="1.0"?>
<doc>
    <assembly>
        <name>Microsoft.ApplicationInsights.Extensibility.Web</name>
    </assembly>
    <members>
        <member name="T:Microsoft.ApplicationInsights.Extensibility.Web.ApplicationInsightsHttpModule">
            <summary>
            Platform agnostic module for web application instrumentation.
            </summary>
        </member>
        <member name="F:Microsoft.ApplicationInsights.Extensibility.Web.ApplicationInsightsHttpModule.platformAdapter">
            <summary>
            Web platform adapter instance.
            </summary>
        </member>
        <member name="F:Microsoft.ApplicationInsights.Extensibility.Web.ApplicationInsightsHttpModule.isEnabled">
            <summary>
            Indicates if module initialized successfully.
            </summary>
        </member>
        <member name="M:Microsoft.ApplicationInsights.Extensibility.Web.ApplicationInsightsHttpModule.#ctor">
            <summary>
            Initializes a new instance of the <see cref="T:Microsoft.ApplicationInsights.Extensibility.Web.ApplicationInsightsHttpModule"/> class.
            </summary>
        </member>
        <member name="M:Microsoft.ApplicationInsights.Extensibility.Web.ApplicationInsightsHttpModule.Init(System.Web.HttpApplication)">
            <summary>
            Initializes module for a given application.
            </summary>
            <param name="context">HttpApplication instance.</param>
        </member>
        <member name="M:Microsoft.ApplicationInsights.Extensibility.Web.ApplicationInsightsHttpModule.Dispose">
            <summary>
            Required IDisposable implementation.
            </summary>
        </member>
        <member name="T:Microsoft.ApplicationInsights.Extensibility.Web.AzureRoleEnvironmentTelemetryInitializer">
            <summary>
            A telemetry initializer that will gather Azure Role Environment context information.
            </summary>
        </member>
        <member name="M:Microsoft.ApplicationInsights.Extensibility.Web.AzureRoleEnvironmentTelemetryInitializer.#ctor">
            <summary>
            Initializes a new instance of the <see cref="T:Microsoft.ApplicationInsights.Extensibility.Web.AzureRoleEnvironmentTelemetryInitializer"/> class.
            </summary>
        </member>
        <member name="M:Microsoft.ApplicationInsights.Extensibility.Web.AzureRoleEnvironmentTelemetryInitializer.Initialize(Microsoft.ApplicationInsights.Channel.ITelemetry)">
            <summary>
            Initializes <see cref="T:Microsoft.ApplicationInsights.Channel.ITelemetry"/> device context.
            </summary>
            <param name="telemetry">The telemetry to initialize.</param>
        </member>
        <member name="T:Microsoft.ApplicationInsights.Extensibility.Web.BuildInfoConfigComponentVersionTelemetryInitializer">
            <summary>
            A telemetry context initializer that will set component context version on the base of BuildInfo.config information.
            </summary>
        </member>
        <member name="F:Microsoft.ApplicationInsights.Extensibility.Web.BuildInfoConfigComponentVersionTelemetryInitializer.UnknownComponentVersion">
            <summary>
            The default application version we will be returning if no application version is found.
            </summary>
        </member>
        <member name="F:Microsoft.ApplicationInsights.Extensibility.Web.BuildInfoConfigComponentVersionTelemetryInitializer.version">
            <summary>
            The version for this component.
            </summary>
        </member>
        <member name="M:Microsoft.ApplicationInsights.Extensibility.Web.BuildInfoConfigComponentVersionTelemetryInitializer.Initialize(Microsoft.ApplicationInsights.Channel.ITelemetry)">
            <summary>
            Initializes version of the telemetry item with the version obtained from build info if it is available.
            </summary>
            <param name="telemetry">The telemetry context to initialize.</param>
        </member>
        <member name="M:Microsoft.ApplicationInsights.Extensibility.Web.BuildInfoConfigComponentVersionTelemetryInitializer.LoadBuildInfoConfig">
            <summary>
            Loads BuildInfo.config and returns XElement.
            </summary>
        </member>
        <member name="M:Microsoft.ApplicationInsights.Extensibility.Web.BuildInfoConfigComponentVersionTelemetryInitializer.GetVersion">
            <summary>
            Gets the version for the current application. If the version cannot be found, we will return the passed in default.
            </summary>
            <returns>The extracted data.</returns>
        </member>
        <member name="T:Microsoft.ApplicationInsights.Extensibility.Web.DeveloperModeWithDebuggerAttachedTelemetryModule">
            <summary>
            Telemetry module that sets developer mode to true when is not already set AND managed debugger is attached.
            </summary>
        </member>
        <member name="F:Microsoft.ApplicationInsights.Extensibility.Web.DeveloperModeWithDebuggerAttachedTelemetryModule.IsDebuggerAttached">
            <summary>
            Function that checks whether debugger is attached with implementation that can be replaced by unit test code.
            </summary>
        </member>
        <member name="M:Microsoft.ApplicationInsights.Extensibility.Web.DeveloperModeWithDebuggerAttachedTelemetryModule.Initialize(Microsoft.ApplicationInsights.Extensibility.TelemetryConfiguration)">
            <summary>
            Gives the opportunity for this telemetry module to initialize configuration object that is passed to it.
            </summary>
            <param name="configuration">Configuration object.</param>
        </member>
        <member name="T:Microsoft.ApplicationInsights.Extensibility.Web.DeviceTelemetryInitializer">
            <summary>
            A telemetry context initializer that will gather device context information.
            </summary>
        </member>
        <member name="M:Microsoft.ApplicationInsights.Extensibility.Web.DeviceTelemetryInitializer.Initialize(Microsoft.ApplicationInsights.Channel.ITelemetry)">
            <summary>
            Populates device properties on a telemetry item.
            </summary>
        </member>
        <member name="T:Microsoft.ApplicationInsights.Extensibility.Web.DomainNameRoleInstanceTelemetryInitializer">
            <summary>
            A telemetry context initializer that populates device context role instance name.
            </summary>
        </member>
        <member name="M:Microsoft.ApplicationInsights.Extensibility.Web.DomainNameRoleInstanceTelemetryInitializer.#ctor">
            <summary>
            Initializes a new instance of the <see cref="T:Microsoft.ApplicationInsights.Extensibility.Web.DomainNameRoleInstanceTelemetryInitializer"/> class.
            </summary>
        </member>
        <member name="M:Microsoft.ApplicationInsights.Extensibility.Web.DomainNameRoleInstanceTelemetryInitializer.Initialize(Microsoft.ApplicationInsights.Channel.ITelemetry)">
            <summary>
            Initializes <see cref="T:Microsoft.ApplicationInsights.Channel.ITelemetry"/> device context.
            </summary>
            <param name="telemetry">The telemetry to initialize.</param>
        </member>
        <member name="T:Microsoft.ApplicationInsights.Extensibility.Web.Implementation.AzureRoleEnvironmentContextReader">
            <summary>
            The reader is platform specific and applies to .NET applications only.
            </summary>
        </member>
        <member name="T:Microsoft.ApplicationInsights.Extensibility.Web.Implementation.IAzureRoleEnvironmentContextReader">
            <summary>
            The user context reader interface used while reading user related information in a platform specific way.
            </summary>
        </member>
        <member name="M:Microsoft.ApplicationInsights.Extensibility.Web.Implementation.IAzureRoleEnvironmentContextReader.Initialize">
            <summary>
            Initializes the current reader with respect to its environment.
            </summary>
        </member>
        <member name="M:Microsoft.ApplicationInsights.Extensibility.Web.Implementation.IAzureRoleEnvironmentContextReader.GetRoleName">
            <summary>
            Gets the Azure role name.
            </summary>
            <returns>The extracted data.</returns>
        </member>
        <member name="M:Microsoft.ApplicationInsights.Extensibility.Web.Implementation.IAzureRoleEnvironmentContextReader.GetRoleInstanceName">
            <summary>
            Gets the Azure role instance name.
            </summary>
            <returns>The extracted data.</returns>
        </member>
        <member name="F:Microsoft.ApplicationInsights.Extensibility.Web.Implementation.AzureRoleEnvironmentContextReader.instance">
            <summary>
            The singleton instance for our reader.
            </summary>
        </member>
        <member name="F:Microsoft.ApplicationInsights.Extensibility.Web.Implementation.AzureRoleEnvironmentContextReader.roleName">
            <summary>
            The Azure role name (if any).
            </summary>
        </member>
        <member name="F:Microsoft.ApplicationInsights.Extensibility.Web.Implementation.AzureRoleEnvironmentContextReader.roleInstanceName">
            <summary>
            The Azure role instance name (if any).
            </summary>
        </member>
        <member name="M:Microsoft.ApplicationInsights.Extensibility.Web.Implementation.AzureRoleEnvironmentContextReader.#ctor">
            <summary>
            Initializes a new instance of the <see cref="T:Microsoft.ApplicationInsights.Extensibility.Web.Implementation.AzureRoleEnvironmentContextReader"/> class.
            </summary>
        </member>
        <member name="M:Microsoft.ApplicationInsights.Extensibility.Web.Implementation.AzureRoleEnvironmentContextReader.Initialize">
            <summary>
            Initializes the current reader with respect to its environment.
            </summary>
        </member>
        <member name="M:Microsoft.ApplicationInsights.Extensibility.Web.Implementation.AzureRoleEnvironmentContextReader.GetRoleName">
            <summary>
            Gets the Azure role name.
            </summary>
            <returns>The extracted data.</returns>
        </member>
        <member name="M:Microsoft.ApplicationInsights.Extensibility.Web.Implementation.AzureRoleEnvironmentContextReader.GetRoleInstanceName">
            <summary>
            Gets the Azure role instance name.
            </summary>
            <returns>The extracted data.</returns>
        </member>
        <member name="P:Microsoft.ApplicationInsights.Extensibility.Web.Implementation.AzureRoleEnvironmentContextReader.Instance">
            <summary>
            Gets or sets the singleton instance for our application context reader.
            </summary>
        </member>
        <member name="P:Microsoft.ApplicationInsights.Extensibility.Web.Implementation.AzureRoleEnvironmentContextReader.BaseDirectory">
            <summary>
            Gets or sets the base directly where hunting for application DLLs is to start.
            </summary>
        </member>
        <member name="T:Microsoft.ApplicationInsights.Extensibility.Web.Implementation.DeviceContextReader">
            <summary>
            The reader is platform specific and applies to .NET applications only.
            </summary>
        </member>
        <member name="M:Microsoft.ApplicationInsights.Extensibility.Web.Implementation.DeviceContextReader.GetHostSystemLocale">
            <summary>
            Gets the host system locale.
            </summary>
            <returns>The discovered locale.</returns>
        </member>
        <member name="M:Microsoft.ApplicationInsights.Extensibility.Web.Implementation.DeviceContextReader.GetDeviceType">
            <summary>
            Gets the type of the device.
            </summary>
            <returns>The type for this device as a hard-coded string.</returns>
        </member>
        <member name="M:Microsoft.ApplicationInsights.Extensibility.Web.Implementation.DeviceContextReader.GetDeviceUniqueId">
            <summary>
            Gets the device unique ID, or uses the fallback if none is available due to application configuration.
            </summary>
            <returns>
            The discovered device identifier.
            </returns>
        </member>
        <member name="M:Microsoft.ApplicationInsights.Extensibility.Web.Implementation.DeviceContextReader.GetOemName">
            <summary>
            Gets the device OEM.
            </summary>
            <returns>The discovered OEM.</returns>
        </member>
        <member name="M:Microsoft.ApplicationInsights.Extensibility.Web.Implementation.DeviceContextReader.GetDeviceModel">
            <summary>
            Gets the device model.
            </summary>
            <returns>The discovered device model.</returns>
        </member>
        <member name="M:Microsoft.ApplicationInsights.Extensibility.Web.Implementation.DeviceContextReader.GetNetworkType">
            <summary>
            Gets the network type.
            </summary>
            <returns>The discovered network type.</returns>
        </member>
        <member name="M:Microsoft.ApplicationInsights.Extensibility.Web.Implementation.DeviceContextReader.RunWmiQuery(System.String,System.String,System.String)">
            <summary>
            Runs a single WMI query for a property.
            </summary>
            <param name="table">The table.</param>
            <param name="property">The property.</param>
            <param name="defaultValue">The default value of the property if WMI fails.</param>
            <returns>The value if found, Unknown otherwise.</returns>
        </member>
        <member name="P:Microsoft.ApplicationInsights.Extensibility.Web.Implementation.DeviceContextReader.Instance">
            <summary>
            Gets or sets the singleton instance for our application context reader.
            </summary>
        </member>
        <member name="T:Microsoft.ApplicationInsights.Extensibility.Web.Implementation.OperationWatch">
            <summary>
            Single high precision clock used by operations.
            </summary>
        </member>
        <member name="F:Microsoft.ApplicationInsights.Extensibility.Web.Implementation.OperationWatch.Watch">
            <summary>
            High precision stopwatch.
            </summary>
        </member>
        <member name="F:Microsoft.ApplicationInsights.Extensibility.Web.Implementation.OperationWatch.NanosecondsPerTick">
            <summary>
            Number of nanoseconds per high-precision clock tick.
            </summary>
        </member>
        <member name="F:Microsoft.ApplicationInsights.Extensibility.Web.Implementation.OperationWatch.StartTime">
            <summary>
            The time clock started.
            </summary>
        </member>
        <member name="M:Microsoft.ApplicationInsights.Extensibility.Web.Implementation.OperationWatch.DurationNanoseconds(System.Int64,System.Int64)">
            <summary>
            Calculates time between two clock readings in nanoseconds.
            </summary>
            <param name="fromTicks">Start time in ticks.</param>
            <param name="toTicks">End time in ticks.</param>
            <returns>Time between two clock readings in nanoseconds.</returns>
        </member>
        <member name="M:Microsoft.ApplicationInsights.Extensibility.Web.Implementation.OperationWatch.Duration(System.Int64,System.Int64)">
            <summary>
            Calculates time between two clock readings.
            </summary>
            <param name="fromTicks">Start time in ticks.</param>
            <param name="toTicks">End time in ticks.</param>
            <returns>Time between two clock readings.</returns>
        </member>
        <member name="M:Microsoft.ApplicationInsights.Extensibility.Web.Implementation.OperationWatch.Timestamp(System.Int64)">
            <summary>
            Converts time on the operation clock (in ticks) to date and time structure.
            </summary>
            <param name="elapsedTicks">Ticks elapsed according to operation watch.</param>
            <returns>Date time structure representing the date and time that corresponds to the operation clock reading.</returns>
        </member>
        <member name="P:Microsoft.ApplicationInsights.Extensibility.Web.Implementation.OperationWatch.ElapsedTicks">
            <summary>
            Gets number of ticks elapsed on the clock since the start.
            </summary>
        </member>
        <member name="T:Microsoft.ApplicationInsights.Extensibility.Web.Implementation.RequestTrackingConstants">
            <summary>
            Request tracking constants and keys.
            </summary>
        </member>
        <member name="F:Microsoft.ApplicationInsights.Extensibility.Web.Implementation.RequestTrackingConstants.RequestTelemetryContextItemName">
            <summary>
            Name of the HttpContext item containing RequestTelemetryContext object.
            </summary>
        </member>
        <member name="F:Microsoft.ApplicationInsights.Extensibility.Web.Implementation.RequestTrackingConstants.TransferHandlerType">
            <summary>
            Type name for the transfer handler. This handler is used to enable extension(less) URI 
            and it produces extra request, which should not be counted.
            </summary>
        </member>
        <member name="M:Microsoft.ApplicationInsights.Extensibility.Web.Implementation.RequestTrackingExtensions.CreateRequestNamePrivate(System.Web.HttpContext)">
            <summary>
            Creates request name on the base of HttpContext.
            </summary>
            <returns>Controller/Action for MVC or path for other cases.</returns>
        </member>
        <member name="T:Microsoft.ApplicationInsights.Extensibility.Web.Implementation.Role">
            <summary>
            Represents a role that is defined as part of a hosted service. 
            </summary>
        </member>
        <member name="T:Microsoft.ApplicationInsights.Extensibility.Web.Implementation.RuntimeBindingObject">
            <summary>
            A runtime bound object for a given .NET type.
            </summary>
        </member>
        <member name="F:Microsoft.ApplicationInsights.Extensibility.Web.Implementation.RuntimeBindingObject.targetType">
            <summary>
            The target type for our object.
            </summary>
        </member>
        <member name="F:Microsoft.ApplicationInsights.Extensibility.Web.Implementation.RuntimeBindingObject.targetObject">
            <summary>
            The target object.
            </summary>
        </member>
        <member name="M:Microsoft.ApplicationInsights.Extensibility.Web.Implementation.RuntimeBindingObject.#ctor(System.Type,System.Object[])">
            <summary>
            Initializes a new instance of the <see cref="T:Microsoft.ApplicationInsights.Extensibility.Web.Implementation.RuntimeBindingObject"/> class.
            </summary>
            <param name="targetType">Type of the target.</param>
            <param name="activationArgs">The activation arguments.</param>
        </member>
        <member name="M:Microsoft.ApplicationInsights.Extensibility.Web.Implementation.RuntimeBindingObject.GetTargetObjectInstance(System.Type,System.Object[])">
            <summary>
            Gets the target object instance.
            </summary>
            <param name="targetType">Type of the target.</param>
            <param name="activationArgs">The activation arguments.</param>
            <returns>The activated instance is one is required.</returns>
        </member>
        <member name="M:Microsoft.ApplicationInsights.Extensibility.Web.Implementation.RuntimeBindingObject.GetProperty(System.String,System.Object[])">
            <summary>
            Gets the property.
            </summary>
            <param name="name">The name.</param>
            <param name="args">The arguments.</param>
            <returns>The value for our property.</returns>
        </member>
        <member name="M:Microsoft.ApplicationInsights.Extensibility.Web.Implementation.RuntimeBindingObject.GetProperty(System.String,System.Type[],System.Object[])">
            <summary>
            Gets the property.
            </summary>
            <param name="name">The name.</param>
            <param name="parameterTypes">The parameter types.</param>
            <param name="args">The arguments.</param>
            <returns>The value for our property.</returns>
        </member>
        <member name="M:Microsoft.ApplicationInsights.Extensibility.Web.Implementation.RuntimeBindingObject.GetProperty(System.String,System.Reflection.BindingFlags,System.Type[],System.Object[])">
            <summary>
            Gets the property.
            </summary>
            <param name="name">The name.</param>
            <param name="bindingFlags">The binding flags.</param>
            <param name="parameterTypes">The parameter types.</param>
            <param name="args">The arguments.</param>
            <returns>The value for our property.</returns>
        </member>
        <member name="M:Microsoft.ApplicationInsights.Extensibility.Web.Implementation.RuntimeBindingObject.InvokeHelper(System.String,System.Reflection.BindingFlags,System.Object[],System.Globalization.CultureInfo)">
            <summary>
            Invocation helper for calling any member on our target object.
            </summary>
            <param name="name">The name.</param>
            <param name="bindingFlags">The binding flags.</param>
            <param name="args">The arguments.</param>
            <param name="culture">The culture.</param>
            <returns>The return value for our invocation.</returns>
        </member>
        <member name="P:Microsoft.ApplicationInsights.Extensibility.Web.Implementation.RuntimeBindingObject.TargetType">
            <summary>
            Gets or sets the type of the target.
            </summary>
        </member>
        <member name="P:Microsoft.ApplicationInsights.Extensibility.Web.Implementation.RuntimeBindingObject.TargetObject">
            <summary>
            Gets or sets the target object.
            </summary>
        </member>
        <member name="M:Microsoft.ApplicationInsights.Extensibility.Web.Implementation.Role.#ctor(System.Object)">
            <summary>
            Initializes a new instance of the <see cref="T:Microsoft.ApplicationInsights.Extensibility.Web.Implementation.Role"/> class.
            </summary>
            <param name="targetObject">The target object.</param>
        </member>
        <member name="M:Microsoft.ApplicationInsights.Extensibility.Web.Implementation.Role.GetTargetObjectInstance(System.Type,System.Object[])">
            <summary>
            Gets the target object instance.
            </summary>
            <param name="targetType">Type of the target.</param>
            <param name="activationArgs">The activation arguments.</param>
            <returns>
            The activated instance is one is required.
            </returns>
        </member>
        <member name="P:Microsoft.ApplicationInsights.Extensibility.Web.Implementation.Role.Name">
            <summary>
            Gets the name of the role as it is declared in the service definition file.
            </summary>
        </member>
        <member name="T:Microsoft.ApplicationInsights.Extensibility.Web.Implementation.RoleEnvironment">
            <summary>
            Provides information about the configuration, endpoints, and status of running role instances. 
            </summary>
        </member>
        <member name="M:Microsoft.ApplicationInsights.Extensibility.Web.Implementation.RoleEnvironment.#ctor">
            <summary>
            Initializes a new instance of the <see cref="T:Microsoft.ApplicationInsights.Extensibility.Web.Implementation.RoleEnvironment"/> class.
            </summary>
        </member>
        <member name="M:Microsoft.ApplicationInsights.Extensibility.Web.Implementation.RoleEnvironment.GetTargetObjectInstance(System.Type,System.Object[])">
            <summary>
            Gets the target object instance.
            </summary>
            <param name="targetType">Type of the target.</param>
            <param name="activationArgs">The activation arguments.</param>
            <returns>
            The activated instance is one is required.
            </returns>
        </member>
        <member name="P:Microsoft.ApplicationInsights.Extensibility.Web.Implementation.RoleEnvironment.IsAvailable">
            <summary>
            Gets a value indicating whether the role instance is running in the Windows Azure environment. 
            </summary>
        </member>
        <member name="P:Microsoft.ApplicationInsights.Extensibility.Web.Implementation.RoleEnvironment.DeploymentId">
            <summary>
            Gets the unique identifier of the deployment in which the role instance is running. 
            </summary>
        </member>
        <member name="P:Microsoft.ApplicationInsights.Extensibility.Web.Implementation.RoleEnvironment.CurrentRoleInstance">
            <summary>
            Gets a RoleInstance object that represents the role instance in which the code is currently running. 
            </summary>
        </member>
        <member name="T:Microsoft.ApplicationInsights.Extensibility.Web.Implementation.RoleInstance">
            <summary>
            Represents an instance of a role. 
            </summary>
        </member>
        <member name="M:Microsoft.ApplicationInsights.Extensibility.Web.Implementation.RoleInstance.#ctor(System.Object)">
            <summary>
            Initializes a new instance of the <see cref="T:Microsoft.ApplicationInsights.Extensibility.Web.Implementation.RoleInstance"/> class.
            </summary>
            <param name="targetObject">The target object.</param>
        </member>
        <member name="M:Microsoft.ApplicationInsights.Extensibility.Web.Implementation.RoleInstance.GetTargetObjectInstance(System.Type,System.Object[])">
            <summary>
            Gets the target object instance.
            </summary>
            <param name="targetType">Type of the target.</param>
            <param name="activationArgs">The activation arguments.</param>
            <returns>
            The activated instance is one is required.
            </returns>
        </member>
        <member name="P:Microsoft.ApplicationInsights.Extensibility.Web.Implementation.RoleInstance.Id">
            <summary>
            Gets the instance identifier (ID) of the role instance.
            </summary>
        </member>
        <member name="P:Microsoft.ApplicationInsights.Extensibility.Web.Implementation.RoleInstance.Role">
            <summary>
            Gets the Role object that is associated with the role instance.
            </summary>
        </member>
        <member name="T:Microsoft.ApplicationInsights.Extensibility.Web.Implementation.ServiceRuntime">
            <summary>
            The wrapper for the Azure Service Runtime.
            </summary>
        </member>
        <member name="M:Microsoft.ApplicationInsights.Extensibility.Web.Implementation.ServiceRuntime.GetRoleEnvironment(System.String)">
            <summary>
            Gets the role environment.
            </summary>
            <param name="baseDirectory">The base directory.</param>
            <returns>
            The role environment object.
            </returns>
        </member>
        <member name="T:Microsoft.ApplicationInsights.Extensibility.Web.Implementation.SyntheticTrafficManager">
            <summary>
            Helper class that validates requests and gets information about the request source.
            </summary>
        </member>
        <member name="M:Microsoft.ApplicationInsights.Extensibility.Web.Implementation.SyntheticTrafficManager.IsSynthetic(System.Web.HttpContext)">
            <summary>
            Determines if the request is from a synthetic source.
            </summary>
            <returns>True if request is synthetic.</returns>
        </member>
        <member name="M:Microsoft.ApplicationInsights.Extensibility.Web.Implementation.SyntheticTrafficManager.GetSessionId(System.Web.HttpContext)">
            <summary>
            Returns synthetic session id.
            </summary>
            <returns>Synthetic session id.</returns>
        </member>
        <member name="M:Microsoft.ApplicationInsights.Extensibility.Web.Implementation.SyntheticTrafficManager.GetUserId(System.Web.HttpContext)">
            <summary>
            The method returns synthetic user id.
            </summary>
            <returns>Returns synthetic user id.</returns>
        </member>
        <member name="M:Microsoft.ApplicationInsights.Extensibility.Web.Implementation.SyntheticTrafficManager.GetSyntheticSource(System.Web.HttpContext)">
            <summary>
            Returns request SyntheticSource or null if the request is not synthetic.
            </summary>
            <returns>Request SyntheticSource or null if the request is not synthetic.</returns>
        </member>
        <member name="M:Microsoft.ApplicationInsights.Extensibility.Web.Implementation.SyntheticTrafficManager.GetHeaderFromPlatformContext(System.Web.HttpContext,System.String)">
            <summary>
            Gets header from platform context by header name.
            </summary>
            <returns>Header value or null.</returns>
        </member>
        <member name="M:Microsoft.ApplicationInsights.Extensibility.Web.Implementation.TypeHelpers.GetLoadedType(System.String,System.String)">
            <summary>
            Gets the type by type name from the assembly.
            </summary>
            <param name="typeName">The type name.</param>
            <param name="assemblyName">The assembly name.</param>
            <returns>Return type from assembly loaded in the process by assembly and type name.</returns>
        </member>
        <member name="T:Microsoft.ApplicationInsights.Extensibility.Web.Implementation.WebEventSource">
            <summary>
            ETW EventSource tracing class.
            </summary>
        </member>
        <member name="F:Microsoft.ApplicationInsights.Extensibility.Web.Implementation.WebEventSource.Log">
            <summary>
            Instance of the PlatformEventSource class.
            </summary>
        </member>
        <member name="M:Microsoft.ApplicationInsights.Extensibility.Web.Implementation.WebEventSource.WebModuleInitializationExceptionEvent(System.String,System.String)">
            <summary>
            Trace exception event from ApplicationInsightsHttpModule initialization.
            </summary>
            <param name="excMessage">Exception message.</param>
            <param name="appDomainName">Parameter is not used. Added to comply EventSource rules.</param>
        </member>
        <member name="M:Microsoft.ApplicationInsights.Extensibility.Web.Implementation.WebEventSource.WebModuleOnCallbackFailure(System.String,System.String,System.String)">
            <summary>
            Trace exception event from ApplicationInsightsHttpModule OnBegin request.
            </summary>
            <param name="callbackName">Callback name.</param>
            <param name="excMessage">Exception message.</param>
            <param name="appDomainName">Parameter is not used. Added to comply EventSource rules.</param>
        </member>
        <member name="M:Microsoft.ApplicationInsights.Extensibility.Web.Implementation.WebEventSource.WebTelemetryModuleStageExecutionStarted(System.String,System.String,System.String)">
            <summary>
            Stop executing web telemetry module stage.
            </summary>
            <param name="type">Module type.</param>
            <param name="stageName">Stage name.</param>
            <param name="appDomainName">Parameter is not used. Added to comply EventSource rules.</param>
        </member>
        <member name="M:Microsoft.ApplicationInsights.Extensibility.Web.Implementation.WebEventSource.WebTelemetryModuleStageExecutionStopped(System.String,System.String,System.String)">
            <summary>
            Stop executing web telemetry module stage.
            </summary>
            <param name="type">Module type.</param>
            <param name="stageName">Stage name.</param>
            <param name="appDomainName">Parameter is not used. Added to comply EventSource rules.</param>
        </member>
        <member name="M:Microsoft.ApplicationInsights.Extensibility.Web.Implementation.WebEventSource.WebTelemetryModuleStageExecutionFailure(System.String,System.String,System.String,System.String)">
            <summary>
            Error on executing web telemetry module stage.
            </summary>
            <param name="type">Module type.</param>
            <param name="stageName">Stage name.</param>
            <param name="excMsg">Exception message.</param>
            <param name="appDomainName">Parameter is not used. Added to comply EventSource rules.</param>
        </member>
        <member name="T:Microsoft.ApplicationInsights.Extensibility.Web.Implementation.WebEventSource.Keywords">
            <summary>
            Keywords for the PlatformEventSource. Those keywords should match keywords in Core.
            </summary>
        </member>
        <member name="F:Microsoft.ApplicationInsights.Extensibility.Web.Implementation.WebEventSource.Keywords.UserActionable">
            <summary>
            Key word for user actionable events.
            </summary>
        </member>
        <member name="F:Microsoft.ApplicationInsights.Extensibility.Web.Implementation.WebEventSource.Keywords.Diagnostics">
            <summary>
            Diagnostics tracing keyword.
            </summary>
        </member>
        <member name="F:Microsoft.ApplicationInsights.Extensibility.Web.Implementation.WebEventSource.Keywords.VerboseFailure">
            <summary>
            Keyword for errors that trace at Verbose level.
            </summary>
        </member>
        <member name="F:Microsoft.ApplicationInsights.Extensibility.Web.Implementation.WebEventSource.Keywords.WebModule">
            <summary>
            Key word for Web Request Module initialization failures.
            </summary>
        </member>
        <member name="F:Microsoft.ApplicationInsights.Extensibility.Web.Implementation.WebEventSource.Keywords.RequestTelemetry">
            <summary>
            Request telemetry keyword.
            </summary>
        </member>
        <member name="F:Microsoft.ApplicationInsights.Extensibility.Web.Implementation.WebEventSource.Keywords.ExceptionTelemetry">
            <summary>
            Exception telemetry keyword.
            </summary>
        </member>
        <member name="F:Microsoft.ApplicationInsights.Extensibility.Web.Implementation.WebEventSource.Keywords.UserTelemetry">
            <summary>
            User tracking keyword.
            </summary>
        </member>
        <member name="F:Microsoft.ApplicationInsights.Extensibility.Web.Implementation.WebEventSource.Keywords.SessionTelemetry">
            <summary>
            Session tracking keyword.
            </summary>
        </member>
        <member name="T:Microsoft.ApplicationInsights.Extensibility.Web.Implementation.WebRequestTrackingBuilder">
            <summary>
            SDK telemetry module mapping builder and post initializer.
            </summary>
        </member>
        <member name="M:Microsoft.ApplicationInsights.Extensibility.Web.Implementation.WebRequestTrackingBuilder.BuildUpModules">
            <summary>
            Builds up request telemetry related modules and produces a list of them.
            </summary>
            <returns>A readonly list of initialized request tracking telemetry modules.</returns>
        </member>
        <member name="T:Microsoft.ApplicationInsights.Extensibility.Web.Implementation.WebTelemetryInitializerBase">
            <summary>
            Base class for WebOperationTelemetryInitializers.
            </summary>
        </member>
        <member name="M:Microsoft.ApplicationInsights.Extensibility.Web.Implementation.WebTelemetryInitializerBase.ResolvePlatformContext">
            <summary>
            Resolved web platform specific context.
            </summary>
            <returns>An instance of the context.</returns>
        </member>
        <member name="T:Microsoft.ApplicationInsights.Extensibility.Web.Implementation.WebTelemetryModuleBase">
            <summary>
            Base web telemetry module.
            </summary>
        </member>
        <member name="M:Microsoft.ApplicationInsights.Extensibility.Web.Implementation.WebTelemetryModuleBase.OnBeginRequest(Microsoft.ApplicationInsights.Extensibility.Web.Implementation.RequestTelemetryContext,System.Web.HttpContext)">
            <summary>
            Post initialization Web Telemetry Module callback.
            </summary>
            <param name="state">An instance of request telemetry context.</param>
            <param name="platformContext">Platform specific context.</param>
        </member>
        <member name="M:Microsoft.ApplicationInsights.Extensibility.Web.Implementation.WebTelemetryModuleBase.OnEndRequest(Microsoft.ApplicationInsights.Extensibility.Web.Implementation.RequestTelemetryContext,System.Web.HttpContext)">
            <summary>
            Request telemetry finalization - sending callback Web Telemetry Module callback.
            </summary>
            <param name="state">An instance of request telemetry context.</param>
            <param name="platformContext">Platform specific context.</param>
        </member>
        <member name="M:Microsoft.ApplicationInsights.Extensibility.Web.Implementation.WebTelemetryModuleBase.OnError(Microsoft.ApplicationInsights.Extensibility.Web.Implementation.RequestTelemetryContext,System.Web.HttpContext)">
            <summary>
            Http Error reporting Web Telemetry Module callback.
            </summary>
            <param name="state">An instance of request telemetry context.</param>
            <param name="platformContext">Platform specific context.</param>
        </member>
        <member name="P:Microsoft.ApplicationInsights.Extensibility.Web.ClientIpHeaderTelemetryInitializer.HeaderNames">
            <summary>
            Gets a list of request header names that is used to check client id.
            </summary>
        </member>
        <member name="P:Microsoft.ApplicationInsights.Extensibility.Web.ClientIpHeaderTelemetryInitializer.HeaderValueSeparators">
            <summary>
            Gets or sets a header values separator.
            </summary>
        </member>
        <member name="P:Microsoft.ApplicationInsights.Extensibility.Web.ClientIpHeaderTelemetryInitializer.UseFirstIp">
            <summary>
            Gets or sets a value indicating whether the first or the last IP should be used from the lists of IPs in the header.
            </summary>
        </member>
        <member name="T:Microsoft.ApplicationInsights.Extensibility.Web.OperationIdTelemetryInitializer">
            <summary>
            A telemetry initializer that will set the ID property of OperationContext corresponding to a RequestTelemetry object.
            Operation.Id is updated with the name derived from the RequestTelemetryContext.RequestTelemetry.
            </summary>
        </member>
        <member name="T:Microsoft.ApplicationInsights.Extensibility.Web.OperationNameTelemetryInitializer">
            <summary>
            A telemetry initializer that will set the NAME property of OperationContext corresponding to a TraceTelemetry object.
            If the telemetry object is of type RequestTelemetry, then the Name of the RequestTelemetry is updated. For all other cases,
            Operation.Name is updated with the name derived from the HttpContext.
            </summary>
        </member>
        <member name="M:Microsoft.ApplicationInsights.Extensibility.Web.RequestTrackingTelemetryModule.IsTransferHandler(System.Web.IHttpHandler)">
            <summary>
            Checks whether or not handler is a transfer handler.
            </summary>
            <param name="handler">An instance of handler to validate.</param>
            <returns>True if handler is a transfer handler, otherwise - False.</returns>
        </member>
        <member name="M:Microsoft.ApplicationInsights.Extensibility.Web.RequestTrackingTelemetryModule.NeedProcessRequest(System.Web.HttpContext)">
            <summary>
            Verifies context to detect whether or not request needs to be processed.
            </summary>
            <param name="httpContext">Current http context.</param>
            <returns>True if request needs to be processed, otherwise - False.</returns>
        </member>
        <member name="T:Microsoft.ApplicationInsights.Extensibility.Web.SessionTelemetryInitializer">
            <summary>
            A telemetry initializer that will set the Session properties of Context corresponding to a RequestTelemetry object.
            Session is updated with properties derived from the RequestTelemetryContext.RequestTelemetry.Context.Session.
            </summary>
        </member>
        <member name="T:Microsoft.ApplicationInsights.Extensibility.Web.SyntheticTelemetryInitializer">
            <summary>
            A telemetry initializer that will update the User, Session and Operation contexts if request is synthetic.
            </summary>
        </member>
        <member name="T:Microsoft.ApplicationInsights.Extensibility.Web.UserAgentTelemetryInitializer">
            <summary>
            WebUserAgentTelemetryInitializer sets Context.User.UserAgent to HttpContext.Current.Request.UserAgent string.
            </summary>
        </member>
        <member name="T:Microsoft.ApplicationInsights.Extensibility.Web.UserTelemetryInitializer">
            <summary>
            A telemetry initializer that will set the User properties of Context corresponding to a RequestTelemetry object.
            User.Id and User.AcquisitionDate are updated with properties derived from the RequestTelemetryContext.RequestTelemetry.Context.User.
            </summary>
        </member>
    </members>
</doc>
